,predict,time
0,medium,2024-1-13 21:49:28
1,low,2024-1-13 21:49:28
2,high,2024-1-13 21:49:28
3,low,2024-1-13 21:49:28
4,high,2024-1-13 21:49:28
5,medium,2024-1-13 21:49:28
6,low,2024-1-13 21:49:28
7,high,2024-1-13 21:49:28
8,low,2024-1-13 21:49:28
9,high,2024-1-13 21:49:28
10,medium,2024-1-13 21:49:48
11,low,2024-1-13 21:49:48
12,high,2024-1-13 21:49:49
13,low,2024-1-13 21:49:49
14,high,2024-1-13 21:49:49
15,medium,2024-1-13 22:10:43
16,low,2024-1-13 22:10:43
17,high,2024-1-13 22:10:43
18,low,2024-1-13 22:10:43
19,high,2024-1-13 22:10:43
20,medium,2024-1-13 22:11:22
21,low,2024-1-13 22:11:22
22,high,2024-1-13 22:11:22
23,low,2024-1-13 22:11:22
24,high,2024-1-13 22:11:22
25,medium,2024-1-13 22:11:58
26,low,2024-1-13 22:11:58
27,high,2024-1-13 22:11:58
28,low,2024-1-13 22:11:58
29,high,2024-1-13 22:11:58
30,medium,2024-1-13 22:12:0
31,low,2024-1-13 22:12:0
32,high,2024-1-13 22:12:0
33,low,2024-1-13 22:12:0
34,high,2024-1-13 22:12:0
35,medium,2024-1-13 22:13:18
36,low,2024-1-13 22:13:18
37,high,2024-1-13 22:13:18
38,low,2024-1-13 22:13:18
39,high,2024-1-13 22:13:18
40,medium,2024-1-13 22:13:57
41,low,2024-1-13 22:13:57
42,high,2024-1-13 22:13:57
43,low,2024-1-13 22:13:57
44,high,2024-1-13 22:13:57
